[
  {
    "local": {
      "PluginUUID": "0e0a7320-94ec-11ea-a64d-17be303ea466",
      "PluginPackageHash": "007e986a93b5c5776311e7ecbfd01a0d07a9f65a0d45691c4f2c36cc565f4578",
      "BinaryPackageHash": "03c21c80852f088d5afe28de2838a49b63f45e217b6b7087417771851a197293",
      "PluginName": "XMRig",
      "PluginVersion": {
        "Major": 17,
        "Minor": 0,
        "Build": 0,
        "Revision": 0,
        "MajorRevision": 0,
        "MinorRevision": 0
      },
      "PluginPackageURL": "https://github.com/nicehash/NHM_MinerPluginsDownloads/releases/download/v17.x/XMRig_v17.0_mptoolkitV1_0e0a7320-94ec-11ea-a64d-17be303ea466.zip",
      "MinerPackageURL": "https://github.com/xmrig/xmrig/releases/download/v6.8.1/xmrig-6.8.1-msvc-win64.zip",
      "SupportedDevicesAlgorithms": {
        "CPU": [
          "RandomXmonero"
        ]
      },
      "PluginAuthor": "info@nicehash.com",
      "PluginDescription": "Miner Binary Version 'v6.8.1'.\n\nCryptoNight and RandomX (Monero) CPU miner",
      "PackagePassword": null
    },
    "online": {
      "PluginUUID": "0e0a7320-94ec-11ea-a64d-17be303ea466",
      "PluginPackageHash": "0edddd5095a777f6094e9195d4aecb93b3f7072b6b216d4ab62a0a6bee4457ea",
      "BinaryPackageHash": "03c21c80852f088d5afe28de2838a49b63f45e217b6b7087417771851a197293",
      "PluginName": "XMRig",
      "PluginVersion": {
        "Major": 16,
        "Minor": 0,
        "Build": 0,
        "Revision": 0,
        "MajorRevision": 0,
        "MinorRevision": 0
      },
      "PluginPackageURL": "https://github.com/nicehash/NHM_MinerPluginsDownloads/releases/download/v16.x/XMRig_v16.0_mptoolkitV1_0e0a7320-94ec-11ea-a64d-17be303ea466.zip",
      "MinerPackageURL": "https://github.com/xmrig/xmrig/releases/download/v6.8.1/xmrig-6.8.1-msvc-win64.zip",
      "SupportedDevicesAlgorithms": {
        "CPU": [
          "RandomXmonero"
        ]
      },
      "PluginAuthor": "info@nicehash.com",
      "PluginDescription": "Miner Binary Version 'v6.8.1'.\n\nCryptoNight and RandomX (Monero) CPU miner",
      "PackagePassword": null
    }
  },
  {
    "local": {
      "PluginUUID": "27315fe0-3b03-11eb-b105-8d43d5bd63be",
      "PluginPackageHash": "5f46ca6a0048d52976a6a6ac03a21d8d86b2082562b38c24518a4bb62a1b272f",
      "BinaryPackageHash": "8d62556bc9600004d2a49e5ee98ceffa321203927e333c84b8ad538a967937e7",
      "PluginName": "Excavator",
      "PluginVersion": {
        "Major": 17,
        "Minor": 1,
        "Build": 0,
        "Revision": 0,
        "MajorRevision": 0,
        "MinorRevision": 0
      },
      "PluginPackageURL": "https://github.com/nicehash/NHM_MinerPluginsDownloads/releases/download/v17.x/Excavator_v17.1_mptoolkitV1_27315fe0-3b03-11eb-b105-8d43d5bd63be.zip",
      "MinerPackageURL": "https://github.com/nicehash/NiceHashQuickMiner/releases/download/v0.5.4.3_RC/NHQM_v0.5.4.3_RC.zip",
      "SupportedDevicesAlgorithms": {
        "AMD": [
          "DaggerHashimoto"
        ],
        "NVIDIA": [
          "DaggerHashimoto"
        ]
      },
      "PluginAuthor": "info@nicehash.com",
      "PluginDescription": "Miner Binary Version 'v1.7.7.3'.\n\nExcavator NVIDIA/AMD GPU miner from NiceHash",
      "PackagePassword": null
    },
    "online": {
      "PluginUUID": "27315fe0-3b03-11eb-b105-8d43d5bd63be",
      "PluginPackageHash": "bc54079e1bb408079d3459d6c0f64383aa570689ff0b010002519ecf660fe7ce",
      "BinaryPackageHash": "8d62556bc9600004d2a49e5ee98ceffa321203927e333c84b8ad538a967937e7",
      "PluginName": "Excavator",
      "PluginVersion": {
        "Major": 17,
        "Minor": 1,
        "Build": 0,
        "Revision": 0,
        "MajorRevision": 0,
        "MinorRevision": 0
      },
      "PluginPackageURL": "https://github.com/nicehash/NHM_MinerPluginsDownloads/releases/download/v17.x/Excavator_v17.1_mptoolkitV1_27315fe0-3b03-11eb-b105-8d43d5bd63be.zip",
      "MinerPackageURL": "https://github.com/nicehash/NiceHashQuickMiner/releases/download/v0.5.4.3_RC/NHQM_v0.5.4.3_RC.zip",
      "SupportedDevicesAlgorithms": {
        "NVIDIA": [
          "DaggerHashimoto"
        ],
        "AMD": [
          "DaggerHashimoto"
        ],
        "CPU": []
      },
      "PluginAuthor": "info@nicehash.com",
      "PluginDescription": "Miner Binary Version 'v1.7.7.3'.\n\nExcavator NVIDIA GPU miner from NiceHash",
      "PackagePassword": ""
    }
  },
  {
    "local": {
      "PluginUUID": "27315fe0-3b03-11eb-b105-8d43d5bd63be",
      "PluginPackageHash": "5f46ca6a0048d52976a6a6ac03a21d8d86b2082562b38c24518a4bb62a1b272f",
      "BinaryPackageHash": "8d62556bc9600004d2a49e5ee98ceffa321203927e333c84b8ad538a967937e7",
      "PluginName": "Excavator",
      "PluginVersion": {
        "Major": 17,
        "Minor": 1,
        "Build": 0,
        "Revision": 0,
        "MajorRevision": 0,
        "MinorRevision": 0
      },
      "PluginPackageURL": "https://github.com/nicehash/NHM_MinerPluginsDownloads/releases/download/v17.x/Excavator_v17.1_mptoolkitV1_27315fe0-3b03-11eb-b105-8d43d5bd63be.zip",
      "MinerPackageURL": "https://github.com/nicehash/NiceHashQuickMiner/releases/download/v0.5.4.3_RC/NHQM_v0.5.4.3_RC.zip",
      "SupportedDevicesAlgorithms": {
        "AMD": [
          "DaggerHashimoto"
        ],
        "NVIDIA": [
          "DaggerHashimoto"
        ]
      },
      "PluginAuthor": "info@nicehash.com",
      "PluginDescription": "Miner Binary Version 'v1.7.7.3'.\n\nExcavator NVIDIA/AMD GPU miner from NiceHash",
      "PackagePassword": null
    },
    "online": {
      "PluginUUID": "27315fe0-3b03-11eb-b105-8d43d5bd63be",
      "PluginPackageHash": "3fc4f97bcf1d582b7dcc21a25587e4770663ef7c1ddd5ab4b67354fb19e3d5fc",
      "BinaryPackageHash": "ddbd52ba1760d09f433c32d8a4ebd5f758626db18778fca337b52651597a8653",
      "PluginName": "Excavator",
      "PluginVersion": {
        "Major": 16,
        "Minor": 3,
        "Build": 0,
        "Revision": 0,
        "MajorRevision": 0,
        "MinorRevision": 0
      },
      "PluginPackageURL": "https://github.com/nicehash/NHM_MinerPluginsDownloads/releases/download/v16.x/Excavator_v16.3_mptoolkitV1_27315fe0-3b03-11eb-b105-8d43d5bd63be.zip",
      "MinerPackageURL": "https://github.com/nicehash/NiceHashQuickMiner/releases/download/v0.5.3.6/NHQM_v0.5.3.6.zip",
      "SupportedDevicesAlgorithms": {
        "NVIDIA": [
          "DaggerHashimoto"
        ],
        "AMD": [
          "DaggerHashimoto"
        ],
        "CPU": []
      },
      "PluginAuthor": "info@nicehash.com",
      "PluginDescription": "Miner Binary Version 'v1.7.6.5'.\n\nExcavator NVIDIA GPU miner from NiceHash",
      "PackagePassword": ""
    }
  },
  {
    "local": {
      "PluginUUID": "eb75e920-94eb-11ea-a64d-17be303ea466",
      "PluginPackageHash": "8b5f0422daafe0007355e23f725adfd801d880f22405d10c049b0c9c84d74840",
      "BinaryPackageHash": "fc64856d9a1e180aa8a83843a3c588896541d302d48f6f9db76d0bd84a62c466",
      "PluginName": "lolMiner",
      "PluginVersion": {
        "Major": 17,
        "Minor": 0,
        "Build": 0,
        "Revision": 0,
        "MajorRevision": 0,
        "MinorRevision": 0
      },
      "PluginPackageURL": "https://github.com/nicehash/NHM_MinerPluginsDownloads/releases/download/v17.x/lolMiner_v17.0_mptoolkitV1_eb75e920-94eb-11ea-a64d-17be303ea466.zip",
      "MinerPackageURL": "https://github.com/Lolliedieb/lolMiner-releases/releases/download/1.50/lolMiner_v1.50_Win64.zip",
      "SupportedDevicesAlgorithms": {
        "AMD": [
          "GrinCuckatoo31",
          "GrinCuckatoo32",
          "ZHash",
          "BeamV3",
          "DaggerHashimoto",
          "Autolykos",
          "ZelHash"
        ],
        "NVIDIA": [
          "GrinCuckatoo31",
          "GrinCuckatoo32",
          "ZHash",
          "BeamV3",
          "DaggerHashimoto",
          "Autolykos",
          "ZelHash"
        ]
      },
      "PluginAuthor": "info@nicehash.com",
      "PluginDescription": "Miner Binary Version '1.50'.\n\nMiner for AMD and Nvidia gpus.",
      "PackagePassword": null
    },
    "online": {
      "PluginUUID": "eb75e920-94eb-11ea-a64d-17be303ea466",
      "PluginPackageHash": "e05e3fcecb87420a2bfba4228abd68d59b6f2cffdf2863892bb8760f4c4ffc13",
      "BinaryPackageHash": "e08ea55a041d5ca804e620d70e8c227f878eac23ce83863d617f78e73bb86216",
      "PluginName": "lolMiner",
      "PluginVersion": {
        "Major": 16,
        "Minor": 7,
        "Build": 0,
        "Revision": 0,
        "MajorRevision": 0,
        "MinorRevision": 0
      },
      "PluginPackageURL": "https://github.com/nicehash/NHM_MinerPluginsDownloads/releases/download/v16.x/lolMiner_v16.7_mptoolkitV1_eb75e920-94eb-11ea-a64d-17be303ea466.zip",
      "MinerPackageURL": "https://github.com/Lolliedieb/lolMiner-releases/releases/download/1.48/lolMiner_v1.48_Win64.zip",
      "SupportedDevicesAlgorithms": {
        "AMD": [
          "GrinCuckatoo31",
          "GrinCuckatoo32",
          "ZHash",
          "BeamV3",
          "DaggerHashimoto",
          "Autolykos",
          "ZelHash"
        ],
        "NVIDIA": [
          "GrinCuckatoo31",
          "GrinCuckatoo32",
          "ZHash",
          "BeamV3",
          "DaggerHashimoto",
          "Autolykos",
          "ZelHash"
        ]
      },
      "PluginAuthor": "info@nicehash.com",
      "PluginDescription": "Miner Binary Version '1.48'.\n\nMiner for AMD and Nvidia gpus.",
      "PackagePassword": null
    }
  },
  {
    "local": {
      "PluginUUID": "f25fee20-94eb-11ea-a64d-17be303ea466",
      "PluginPackageHash": "4cbdd8091da33fd242053ddf7a79f6f20f564ed0a6c5154d87ea2651ca8f8c9b",
      "BinaryPackageHash": "806f1bca67d83e3b172f97a9890a67a74cc9fdcb4b60e6dba05d7abfdd36f2df",
      "PluginName": "NanoMiner",
      "PluginVersion": {
        "Major": 17,
        "Minor": 0,
        "Build": 0,
        "Revision": 0,
        "MajorRevision": 0,
        "MinorRevision": 0
      },
      "PluginPackageURL": "https://github.com/nicehash/NHM_MinerPluginsDownloads/releases/download/v17.x/NanoMiner_v17.0_mptoolkitV1_f25fee20-94eb-11ea-a64d-17be303ea466.zip",
      "MinerPackageURL": "https://github.com/nanopool/nanominer/releases/download/v3.6.3/nanominer-windows-3.6.3-cuda11.zip",
      "SupportedDevicesAlgorithms": {
        "AMD": [
          "KAWPOW",
          "DaggerHashimoto",
          "Autolykos"
        ],
        "NVIDIA": [
          "KAWPOW",
          "Octopus",
          "DaggerHashimoto",
          "Autolykos"
        ]
      },
      "PluginAuthor": "info@nicehash.com",
      "PluginDescription": "Miner Binary Version 'v3.6.3'.\n\nNanominer is a versatile tool for mining cryptocurrencies which are based on Ethash, Ubqhash, Cuckoo Cycle (Сortex coin),RandomX (Monero), KawPow (Ravencoin) and RandomHash (PascalCoin) algorithms.",
      "PackagePassword": null
    },
    "online": {
      "PluginUUID": "f25fee20-94eb-11ea-a64d-17be303ea466",
      "PluginPackageHash": "c4baa9eb7bfb172ec7da7856521ccb69c9b40213cba230b6ef16799887cb2401",
      "BinaryPackageHash": "42e469635f582fe0d410b87661d68aeac6009a27ca74bf9e66d772fd35f36967",
      "PluginName": "NanoMiner",
      "PluginVersion": {
        "Major": 16,
        "Minor": 5,
        "Build": 0,
        "Revision": 0,
        "MajorRevision": 0,
        "MinorRevision": 0
      },
      "PluginPackageURL": "https://github.com/nicehash/NHM_MinerPluginsDownloads/releases/download/v16.x/NanoMiner_v16.5_mptoolkitV1_f25fee20-94eb-11ea-a64d-17be303ea466.zip",
      "MinerPackageURL": "https://github.com/nanopool/nanominer/releases/download/v3.6.0/nanominer-windows-3.6.0-cuda11.zip",
      "SupportedDevicesAlgorithms": {
        "AMD": [
          "KAWPOW",
          "DaggerHashimoto",
          "Autolykos"
        ],
        "NVIDIA": [
          "KAWPOW",
          "Octopus",
          "DaggerHashimoto",
          "Autolykos"
        ]
      },
      "PluginAuthor": "info@nicehash.com",
      "PluginDescription": "Miner Binary Version 'v3.6.0'.\n\nNanominer is a versatile tool for mining cryptocurrencies which are based on Ethash, Ubqhash, Cuckoo Cycle (Ð¡ortex coin),RandomX (Monero), KawPow (Ravencoin) and RandomHash (PascalCoin) algorithms.",
      "PackagePassword": null
    }
  },
  {
    "local": {
      "PluginUUID": "f683f550-94eb-11ea-a64d-17be303ea466",
      "PluginPackageHash": "09592d1e408f8317f110ee9cda1e192aafd1820e78e48887d439b709edbfb988",
      "BinaryPackageHash": "0750b549ac5858c439fc280279ee8084864dc0c15057344d562e6e05a62f53db",
      "PluginName": "NBMiner",
      "PluginVersion": {
        "Major": 17,
        "Minor": 2,
        "Build": 0,
        "Revision": 0,
        "MajorRevision": 0,
        "MinorRevision": 0
      },
      "PluginPackageURL": "https://github.com/nicehash/NHM_MinerPluginsDownloads/releases/download/v17.x/NBMiner_v17.2_mptoolkitV1_f683f550-94eb-11ea-a64d-17be303ea466.zip",
      "MinerPackageURL": "https://dl.nbminer.com/NBMiner_42.2_Win.zip",
      "SupportedDevicesAlgorithms": {
        "AMD": [
          "KAWPOW",
          "DaggerHashimoto",
          "Autolykos"
        ],
        "NVIDIA": [
          "CuckooCycle",
          "DaggerHashimoto",
          "KAWPOW",
          "BeamV3",
          "Octopus",
          "Autolykos"
        ]
      },
      "PluginAuthor": "info@nicehash.com",
      "PluginDescription": "Miner Binary Version 'v42.2'.\n\nGPU Miner for GRIN, AE and ETH mining.",
      "PackagePassword": null
    },
    "online": {
      "PluginUUID": "f683f550-94eb-11ea-a64d-17be303ea466",
      "PluginPackageHash": "f5d3a88981da58ec3333eb439ae9d90ee9110e485794781feb7b90ac1a929f68",
      "BinaryPackageHash": "e1bcdd95fdece9c83d6ffa75a87c7e9ee35b0d1e9f8ec77e28d8dbf3ff11ebd9",
      "PluginName": "NBMiner",
      "PluginVersion": {
        "Major": 16,
        "Minor": 7,
        "Build": 0,
        "Revision": 0,
        "MajorRevision": 0,
        "MinorRevision": 0
      },
      "PluginPackageURL": "https://github.com/nicehash/NHM_MinerPluginsDownloads/releases/download/v16.x/NBMiner_v16.7_mptoolkitV1_f683f550-94eb-11ea-a64d-17be303ea466.zip",
      "MinerPackageURL": "https://dl.nbminer.com/NBMiner_40.1_Win.zip",
      "SupportedDevicesAlgorithms": {
        "NVIDIA": [
          "CuckooCycle",
          "DaggerHashimoto",
          "KAWPOW",
          "BeamV3",
          "Octopus",
          "Autolykos"
        ],
        "AMD": [
          "KAWPOW",
          "DaggerHashimoto",
          "Autolykos"
        ],
        "CPU": []
      },
      "PluginAuthor": "info@nicehash.com",
      "PluginDescription": "Miner Binary Version 'v40.1'.\n\nGPU Miner for GRIN, AE and ETH mining.",
      "PackagePassword": ""
    }
  }
]