[
  {
    "PluginVersion": {
      "major": 17,
      "minor": 0
    },
    "PluginUUID": "0e0a7320-94ec-11ea-a64d-17be303ea466",
    "PluginPackageHash": "007e986a93b5c5776311e7ecbfd01a0d07a9f65a0d45691c4f2c36cc565f4578",
    "BinaryPackageHash": "03c21c80852f088d5afe28de2838a49b63f45e217b6b7087417771851a197293",
    "PluginName": "XMRig",
    "PluginPackageURL": "https://github.com/nicehash/NHM_MinerPluginsDownloads/releases/download/v17.x/XMRig_v17.0_mptoolkitV1_0e0a7320-94ec-11ea-a64d-17be303ea466.zip",
    "MinerPackageURL": "https://github.com/xmrig/xmrig/releases/download/v6.8.1/xmrig-6.8.1-msvc-win64.zip",
    "SupportedDevicesAlgorithms": {
      "CPU": [
        "RandomXmonero"
      ]
    },
    "PluginAuthor": "info@nicehash.com",
    "PluginDescription": "Miner Binary Version 'v6.8.1'.\n\nCryptoNight and RandomX (Monero) CPU miner",
    "PackagePassword": null
  },
  {
    "PluginVersion": {
      "major": 17,
      "minor": 0
    },
    "PluginUUID": "eb75e920-94eb-11ea-a64d-17be303ea466",
    "PluginPackageHash": "8b5f0422daafe0007355e23f725adfd801d880f22405d10c049b0c9c84d74840",
    "BinaryPackageHash": "fc64856d9a1e180aa8a83843a3c588896541d302d48f6f9db76d0bd84a62c466",
    "PluginName": "lolMiner",
    "PluginPackageURL": "https://github.com/nicehash/NHM_MinerPluginsDownloads/releases/download/v17.x/lolMiner_v17.0_mptoolkitV1_eb75e920-94eb-11ea-a64d-17be303ea466.zip",
    "MinerPackageURL": "https://github.com/Lolliedieb/lolMiner-releases/releases/download/1.50/lolMiner_v1.50_Win64.zip",
    "SupportedDevicesAlgorithms": {
      "AMD": [
        "GrinCuckatoo31",
        "GrinCuckatoo32",
        "ZHash",
        "BeamV3",
        "DaggerHashimoto",
        "Autolykos",
        "ZelHash"
      ],
      "NVIDIA": [
        "GrinCuckatoo31",
        "GrinCuckatoo32",
        "ZHash",
        "BeamV3",
        "DaggerHashimoto",
        "Autolykos",
        "ZelHash"
      ]
    },
    "PluginAuthor": "info@nicehash.com",
    "PluginDescription": "Miner Binary Version '1.50'.\n\nMiner for AMD and Nvidia gpus.",
    "PackagePassword": null
  },
  {
    "PluginVersion": {
      "major": 17,
      "minor": 0
    },
    "PluginUUID": "f25fee20-94eb-11ea-a64d-17be303ea466",
    "PluginPackageHash": "4cbdd8091da33fd242053ddf7a79f6f20f564ed0a6c5154d87ea2651ca8f8c9b",
    "BinaryPackageHash": "806f1bca67d83e3b172f97a9890a67a74cc9fdcb4b60e6dba05d7abfdd36f2df",
    "PluginName": "NanoMiner",
    "PluginPackageURL": "https://github.com/nicehash/NHM_MinerPluginsDownloads/releases/download/v17.x/NanoMiner_v17.0_mptoolkitV1_f25fee20-94eb-11ea-a64d-17be303ea466.zip",
    "MinerPackageURL": "https://github.com/nanopool/nanominer/releases/download/v3.6.3/nanominer-windows-3.6.3-cuda11.zip",
    "SupportedDevicesAlgorithms": {
      "AMD": [
        "KAWPOW",
        "DaggerHashimoto",
        "Autolykos"
      ],
      "NVIDIA": [
        "KAWPOW",
        "Octopus",
        "DaggerHashimoto",
        "Autolykos"
      ]
    },
    "PluginAuthor": "info@nicehash.com",
    "PluginDescription": "Miner Binary Version 'v3.6.3'.\n\nNanominer is a versatile tool for mining cryptocurrencies which are based on Ethash, Ubqhash, Cuckoo Cycle (Сortex coin),RandomX (Monero), KawPow (Ravencoin) and RandomHash (PascalCoin) algorithms.",
    "PackagePassword": null
  },
  {
    "PluginVersion": {
      "major": 17,
      "minor": 2
    },
    "PluginUUID": "f683f550-94eb-11ea-a64d-17be303ea466",
    "PluginPackageHash": "09592d1e408f8317f110ee9cda1e192aafd1820e78e48887d439b709edbfb988",
    "BinaryPackageHash": "0750b549ac5858c439fc280279ee8084864dc0c15057344d562e6e05a62f53db",
    "PluginName": "NBMiner",
    "PluginPackageURL": "https://github.com/nicehash/NHM_MinerPluginsDownloads/releases/download/v17.x/NBMiner_v17.2_mptoolkitV1_f683f550-94eb-11ea-a64d-17be303ea466.zip",
    "MinerPackageURL": "https://dl.nbminer.com/NBMiner_42.2_Win.zip",
    "SupportedDevicesAlgorithms": {
      "AMD": [
        "KAWPOW",
        "DaggerHashimoto",
        "Autolykos"
      ],
      "NVIDIA": [
        "CuckooCycle",
        "DaggerHashimoto",
        "KAWPOW",
        "BeamV3",
        "Octopus",
        "Autolykos"
      ]
    },
    "PluginAuthor": "info@nicehash.com",
    "PluginDescription": "Miner Binary Version 'v42.2'.\n\nGPU Miner for GRIN, AE and ETH mining.",
    "PackagePassword": null
  },
  {
    "PluginVersion": {
      "major": 17,
      "minor": 1
    },
    "PluginUUID": "27315fe0-3b03-11eb-b105-8d43d5bd63be",
    "PluginPackageHash": "5f46ca6a0048d52976a6a6ac03a21d8d86b2082562b38c24518a4bb62a1b272f",
    "BinaryPackageHash": "8d62556bc9600004d2a49e5ee98ceffa321203927e333c84b8ad538a967937e7",
    "PluginName": "Excavator",
    "PluginPackageURL": "https://github.com/nicehash/NHM_MinerPluginsDownloads/releases/download/v17.x/Excavator_v17.1_mptoolkitV1_27315fe0-3b03-11eb-b105-8d43d5bd63be.zip",
    "MinerPackageURL": "https://github.com/nicehash/NiceHashQuickMiner/releases/download/v0.5.4.3_RC/NHQM_v0.5.4.3_RC.zip",
    "SupportedDevicesAlgorithms": {
      "AMD": [
        "DaggerHashimoto"
      ],
      "NVIDIA": [
        "DaggerHashimoto"
      ]
    },
    "PluginAuthor": "info@nicehash.com",
    "PluginDescription": "Miner Binary Version 'v1.7.7.3'.\n\nExcavator NVIDIA/AMD GPU miner from NiceHash",
    "PackagePassword": null
  }
]